programmation,JQuery,.NET,
programmation,.NET,
programmation,.NET,
programmation,Angular,Flutter,.NET,
programmation,AngularJS,Angular,.NET,
programmation,.NET,Vue.js,React,Nest.js,
programmation,Angular,.NET,
programmation,.NET,
programmation,.NET,
programmation,.NET,
programmation,Angular,AngularJS,.NET,
programmation,.NET,
programmation,Laravel,
programmation,.NET,React,React Native,
programmation,Unity,
programmation,Lit,Stencil,Prisma,11ty,
programmation,Aucun,
programmation,Flask,.NET,
programmation,JQuery,Wordpress,Symfony,
programmation,Flutter,
programmation,.NET,React,
programmation,Angular,Flask,.NET,
programmation,Framework interne,.NET,React,
programmation,.NET,React,
programmation,.NET,WinForms,
programmation,Angular,.NET,
programmation,Aucun,
programmation,11ty,
programmation,Unity,
programmation,Angular,.NET,
programmation,.NET,Framework interne,FastAPI,
programmation,Angular,.NET,
programmation,.NET,JQuery,
programmation,.NET,
programmation,.NET,React,
programmation,Autre,
programmation,Bootstrap,JQuery,.NET,Autre, Blazor,