programmation,C#,CSS,HTML,JavaScript,SQL,
programmation,Python,Bash / Shell,
programmation,C#,JavaScript,Python,
programmation,C#,CSS,Dart,HTML,JavaScript,SQL,TypeScript,TSQL,
programmation,C#,SQL,CSS,HTML,Python,TypeScript,
programmation,C#,CSS,HTML,JavaScript,Python,SQL,TypeScript,
programmation,C#,HTML,TypeScript,SQL,CSS,Mustache,TailwindCSS,
programmation,C#,HTML,JavaScript,SQL,
programmation,C#,Python,SQL,Bash / Shell,Adonix,
programmation,C#,
programmation,C#,TypeScript,HTML,CSS,JavaScript,
programmation,C#,HTML,JavaScript,SQL,
programmation,CSS,HTML,JavaScript,PHP,SQL,
programmation,C#,CSS,HTML,JavaScript,SQL,TypeScript,
programmation,C#,
programmation,CSS,HTML,JavaScript,TypeScript,SQL,
programmation,CSS,HTML,JavaScript,TypeScript,SQL,
programmation,C#,C++,Python,XAML,
programmation,Bash / Shell,HTML,PHP,SQL,JavaScript,Twig,
programmation,Dart,C#,
programmation,C#,CSS,HTML,TypeScript,SQL,Bash / Shell,
programmation,C#,CSS,HTML,Python,SQL,TypeScript,
programmation,Bash / Shell,C#,CSS,HTML,TypeScript,SQL,
programmation,C#,CSS,HTML,JavaScript,SQL,
programmation,C#,HTML,CSS,VBNet,
programmation,C#,
programmation,Aucun,
programmation,CSS,HTML,JavaScript,PHP,TypeScript,
programmation,C#,
programmation,C#,HTML,Python,SQL,TypeScript,
programmation,Python,C#,SQL,Bash / Shell,
programmation,C#,CSS,HTML,JavaScript,Python,SQL,TypeScript,Bash / Shell,
programmation,C#,CSS,HTML,JavaScript,SQL,TypeScript,
programmation,C#,XAML,XML,
programmation,C#,SQL,XML,TypeScript,
programmation,Autre,
programmation,C#,CSS,HTML,JavaScript,SQL,XML,