programmation,Git,
programmation,Git,
programmation,Git,
programmation,Git,
programmation,Git,
programmation,Git,
programmation,Git,
programmation,Git,
programmation,Git,
programmation,Git,
programmation,Git,
programmation,Git,
programmation,Git,
programmation,Git,
programmation,Git,
programmation,Git,
programmation,Git,
programmation,Git,
programmation,Git,
programmation,Git,
programmation,Git,
programmation,Git,
programmation,Git,
programmation,Git,
programmation,Git,SVN,
programmation,Git,
programmation,Je n'avais pas de code source à gérer,
programmation,Git,
programmation,Git,
programmation,Git,
programmation,Git,
programmation,Git,
programmation,SVN,Transfert de fichier manuel,
programmation,Git,
programmation,Git
programmation,Je n'avais pas de code source à gérer
programmation,Git