programmation,SSH,
programmation,Swagger,
programmation,Docker,NuGet,Swagger,
programmation,Github Actions,Swagger,
programmation,Azure Pipelines,Postman,Swagger,
programmation,Github Actions,NPM,Docker,Swagger,
programmation,NPM,Docker,
programmation,Github Actions,NPM,Docker,
programmation,Docker,Github Actions,Kubernetes,Make,
programmation,Github Actions,Docker,Kubernetes,
programmation,NPM,Docker,Swagger,
programmation,Github Actions,NPM,Postman,
programmation,NuGet,
programmation,Docker,SSH,
programmation,NPM,Docker,Github Actions,Pip,SSH,Swagger,
programmation,Postman,Conteneurs,
programmation,Conteneurs,NPM,Gradle,Azure Pipelines,Postman,
programmation,Github Actions,Azure Pipelines,Postman,
programmation,Conteneurs,NuGet,
programmation,NuGet,Swagger,
programmation,Postman,Swagger,
programmation,NPM,Conteneurs,NuGet,Postman,
programmation,NPM,Github Actions,Conteneurs,SSH,
programmation,NuGet,
programmation,Postman,
