programmation,Postgres,
programmation,Oracle,
programmation,Sqlite,Microsoft SQL Server,
programmation,Postgres,
programmation,Oracle,Microsoft SQL Server,
programmation,Microsoft SQL Server,
programmation,MariaDB,
programmation,Postgres,
programmation,Postgres,
programmation,Postgres,
programmation,Postgres,Qdrant,
programmation,Firebase Firestore,
programmation,Microsoft SQL Server,
programmation,MySQL,
programmation,Microsoft SQL Server,
programmation,MySQL,Postgres,
programmation,Postgres,
programmation,HFSQL,
programmation,Elastic search,MySQL,
programmation,Oracle,Microsoft SQL Server,
programmation,Microsoft SQL Server,
programmation,Microsoft SQL Server,Oracle,MongoDB,
programmation,Elastic search,Neon,Postgres,
programmation,Microsoft SQL Server,
programmation,Aucun,
programmation,MySQL,
programmation,Oracle,Microsoft SQL Server,
programmation,Aucun,
programmation,MariaDB,Prisma,
programmation,Microsoft SQL Server,
programmation,Postgres,
programmation,Oracle,
programmation,Microsoft SQL Server,