programmation,Oui
programmation,Oui
programmation,Oui
programmation,Oui
programmation,Oui
programmation,Oui
programmation,Oui
programmation,Oui
programmation,Oui
programmation,Oui
programmation,Oui
programmation,Oui
programmation,Oui
programmation,Oui
programmation,Oui
programmation,Oui
programmation,Oui
programmation,Oui
programmation,Oui
programmation,Oui
programmation,Oui
programmation,Oui
programmation,Oui
programmation,Oui
programmation,Oui
programmation,Oui
programmation,Oui
programmation,Oui
programmation,Oui
programmation,Oui
programmation,Oui
programmation,Oui
programmation,Oui
reseautique,Oui
reseautique,Oui
reseautique,Oui
reseautique,Oui
reseautique,Oui
reseautique,Oui
reseautique,Oui
reseautique,Oui
reseautique,Oui
reseautique,Oui
reseautique,Oui
reseautique,Oui
reseautique,Oui
reseautique,Oui
reseautique,Oui
reseautique,Oui
reseautique,Oui
reseautique,Oui
reseautique,Oui