reseautique,Cisco,Meraki,Fortinet,
reseautique,Active Directory,RDP,PowerShell,Teams,Intune,
reseautique,HPE/Aruba,
reseautique,Cisco,Zscaler,
reseautique,Cisco,
reseautique,Cisco,
reseautique,HPE/Aruba,WatchGuard,
reseautique,Je n'ai utilisé aucun équipements,
reseautique,Je n'ai utilisé aucun équipements,
reseautique,Je n'ai utilisé aucun équipements,
reseautique,Fortinet,
reseautique,Je n'ai utilisé aucun équipements,
reseautique,Fortinet,
reseautique,Je n'ai utilisé aucun équipements,
reseautique,Je n'ai utilisé aucun équipements,
reseautique,Fortinet,
reseautique,Cisco,pfSense,Fortinet,Ubiquiti,
reseautique,Cisco,HPE/Aruba,
reseautique,Fortinet,
