programamtion,Claude,
programamtion,Claude,ChatGPT,
programamtion,Claude,Gemini,
programamtion,ChatGPT,Github Copilot,
programamtion,ChatGPT,Claude,Github Copilot,
programamtion,ChatGPT,Claude,Github Copilot,
programamtion,ChatGPT,Claude,Copilot,
programamtion,ChatGPT,Claude,
programamtion,ChatGPT,Claude,Copilot,Gemini,Figma Make,
programamtion,Claude,
programamtion,ChatGPT,
programamtion,ChatGPT,Cursor,
programamtion,Copilot,
programamtion,ChatGPT,Claude,Copilot,
programamtion,Claude,
programamtion,Claude,ChatGPT,
programamtion,ChatGPT,Claude,Copilot,Gemini,Codex, ElevenLab,
programamtion,ChatGPT,Claude,Gemini,
programamtion,ChatGPT,Claude,Copilot,
programamtion,Claude,
programamtion,Deepseek,
programamtion,ChatGPT,Claude,
programamtion,ChatGPT,Claude,Copilot,Replit,Gemini,
programamtion,Copilot,
programamtion,ChatGPT,
programamtion,Claude,
programamtion,Qwen,
programamtion,Je n'ai pas utilisé d'IA,
programamtion,ChatGPT,
programamtion,Gemini,
programamtion,Gemini,
programamtion,ChatGPT,Claude,
programamtion,Claude,Copilot,Gemini,
reseautique,Gemini,Perplexity,Claude,
reseautique,ChatGPT,Claude,Gemini,
reseautique,Github Copilot,
reseautique,Gemini,ChatGPT,
reseautique,ChatGPT,Microsoft Copilot,
reseautique,Copilot,
reseautique,ChatGPT,Claude,Copilot,Gemini,
reseautique,Copilot,
reseautique,Copilot,
reseautique,Copilot,ChatGPT,
reseautique,ChatGPT,
reseautique,Copilot,ChatGPT,Claude,Gemini,
reseautique,ChatGPT,Copilot,
reseautique,Copilot,Tabnine,
reseautique,Claude,Copilot,Gemini,
reseautique,ChatGPT,Claude,Deepseek,Copilot,
reseautique,ChatGPT,Deepseek,Copilot,Claude,
reseautique,ChatGPT,Copilot,
reseautique,ChatGPT,Claude,
