programmation,Linux,Windows,
programmation,Windows,
programmation,Windows,
programmation,Windows,
programmation,Windows,
programmation,Windows,
programmation,Windows,Linux,
programmation,MacOS,
programmation,Linux,
programmation,Linux,
programmation,Windows,
programmation,MacOS,
programmation,Windows,
programmation,Windows,
programmation,Windows,
programmation,Windows,Linux (Redhat based),
programmation,Windows,
programmation,Windows,
programmation,Windows,
programmation,Windows,
programmation,Windows,
programmation,Windows,
programmation,Windows,
programmation,Windows,
programmation,Windows,
programmation,Windows,
programmation,Windows,iOS,
programmation,Linux,Windows,
programmation,Windows,
programmation,Windows,
programmation,Windows,
programmation,Windows,
reseautique,Linux (Debian based),MacOS,Windows 11,
reseautique,Windows Server,
reseautique,Windows Server,Linux (Debian based),Linux (Redhat based),
reseautique,Windows Server,
reseautique,Windows Server,
reseautique,Je n'ai pas administré de systèmes d'exploitation,
reseautique,Windows Server,
reseautique,Windows 11,
reseautique,Windows Server,
reseautique,Windows Server,Linux (Debian based),
reseautique,Windows Server,
reseautique,Windows Server,
reseautique,Windows Server,MacOS,
reseautique,Windows Server,Linux (Debian based),Linux (Redhat based),
reseautique,Windows Server,MacOS,
reseautique,Windows Server,Windows 11,
reseautique,Windows Server,Linux (Debian based),MacOS,
reseautique,Windows Server,
reseautique,Windows Server,