reseautique,Intune,
reseautique,Intune,
reseautique,SCCM,Intune,Grafana,Prometheus,
reseautique,SCCM,PDQ,Intune,
reseautique,SCCM,SolarWinds,
reseautique,Pas de gestion de parc informatique à effectuer,
reseautique,Intune,
reseautique,Pas de gestion de parc informatique à effectuer,
reseautique,SCCM,
reseautique,Intune,
reseautique,Intune,
reseautique,SCCM,Intune,
reseautique,PRTG,
reseautique,SCCM,Checkmk,Control-m,
reseautique,Intune,PRTG,N-able / take control,
reseautique,Intune,Entra ID,
reseautique,Intune,Grafana,
reseautique,LanSweeper,RM1 Magna5 et SentinelOne,
reseautique,Pas de gestion de parc informatique à effectuer,
