reseautique,Bash/Powershell/Python,
reseautique,Bash/Powershell/Python,
reseautique,Ansible,Control-M,
reseautique,Bash/Powershell/Python,
reseautique,Pas fait d'automatisation,
reseautique,Pas fait d'automatisation,
reseautique,Bash/Powershell/Python,
reseautique,Pas fait d'automatisation,
reseautique,Bash/Powershell/Python,
reseautique,Bash/Powershell/Python,
reseautique,Pas fait d'automatisation,
reseautique,Bash/Powershell/Python,
reseautique,Pas fait d'automatisation,
reseautique,Pas fait d'automatisation,
reseautique,Bash/Powershell/Python,
reseautique,Bash/Powershell/Python,
reseautique,Bash/Powershell/Python,
reseautique,Pas fait d'automatisation,
reseautique,Bash/Powershell/Python,
