programmation,Visual Studio Code,Odoo.sh,Nano,
programmation,Visual Studio,Visual Studio Code,
programmation,SQL Server Management Studio,Visual Studio Code,Visual Studio,
programmation,Android Studio,Visual Studio,Visual Studio Code,
programmation,Visual Studio,SQL Server Management Studio,
programmation,Visual Studio,Visual Studio Code,
programmation,Visual Studio Code,
programmation,Visual Studio Code,
programmation,Visual Studio Code,
programmation,Visual Studio,
programmation,Visual Studio Code,PGAdmin,
programmation,Visual Studio Code,Cursor,
programmation,SQL Server Management Studio,Visual Studio,
programmation,Visual Studio Code,
programmation,Visual Studio,Visual Studio Code,SQL Server Management Studio,
programmation,Notepad++,Visual Studio,Visual Studio Code,
programmation,IntelliJ,Visual Studio,Visual Studio Code,Unreal Engine, Docker, Perforce, Fork,
programmation,Windev,
programmation,Android Studio,Cursor,VIM,Visual Studio Code,
programmation,Visual Studio,SQL Server Management Studio,
programmation,Je n'ai utilisé aucun outil de développement,
programmation,Visual Studio,Visual Studio Code,
programmation,Visual Studio,Visual Studio Code,
programmation,Android Studio,Visual Studio,
programmation,Visual Studio Code,
programmation,Visual Studio,Visual Studio Code,SQL Server Management Studio,
programmation,Notepad++,Visual Studio,Visual Studio Code,SQL Server Management Studio,
programmation,Je n'ai utilisé aucun outil de développement,
programmation,Visual Studio Code,
programmation,Je n'ai utilisé aucun outil de développement,
programmation,Je n'ai utilisé aucun outil de développement,
programmation,Notepad++,Visual Studio,Visual Studio Code,Oralce SQL Developer,
programmation,Android Studio,Visual Studio,SQL Server Management Studio,
