reseautique,DHCP,DNS,Routage dynamique,
reseautique,DHCP,Web,Courriels,Microsoft 365,Active Directory (on-prem),Active Directory,Microsoft Exchange (on-prem),Microsoft Exchange (cloud),Intune,
reseautique,Je n'ai pas administré de services pendant mon stage,
reseautique,Sécurité,Microsoft 365,Active Directory (on-prem),Active Directory,VPN,Routage dynamique,
reseautique,Courriels,Microsoft 365,Active Directory (on-prem),Microsoft Exchange (on-prem),VPN,Web,
reseautique,DHCP,Microsoft 365,Active Directory (on-prem),Service de billet,
reseautique,DNS,Web,Sécurité,Microsoft 365,Active Directory (on-prem),Active Directory,VPN,Base de données,
reseautique,Microsoft 365,
reseautique,Courriels,Microsoft 365,VPN,Active Directory (on-prem),SCCM,
reseautique,Courriels,Microsoft 365,Active Directory (on-prem),Active Directory,Microsoft Exchange (cloud),
reseautique,Courriels,Microsoft 365,Active Directory,Active Directory (on-prem),Microsoft Exchange (cloud),VPN,
reseautique,Je n'ai pas administré de services pendant mon stage,
reseautique,DHCP,DNS,Courriels,Web,Routage dynamique,Sécurité,Microsoft 365,Active Directory (on-prem),Active Directory,Microsoft Exchange (cloud),VPN,Datto,
reseautique,Sécurité,Microsoft 365,Base de données,
reseautique,Courriels,Sécurité,Microsoft 365,Active Directory (on-prem),Active Directory,Microsoft Exchange (on-prem),Microsoft Exchange (cloud),VPN,Base de données,
reseautique,DNS,Courriels,Microsoft 365,Active Directory,Microsoft Exchange (cloud),VPN,Script PowerShell,
reseautique,DHCP,DNS,Web,Courriels,Sécurité,Microsoft 365,Active Directory (on-prem),Active Directory,Microsoft Exchange (cloud),VPN,Cicsco Duo,Fortinet,
reseautique,DHCP,DNS,Web,Courriels,Sécurité,Microsoft 365,Active Directory (on-prem),VPN,
reseautique,Courriels,Microsoft 365,Active Directory (on-prem),Microsoft Exchange (on-prem),Microsoft Exchange (cloud),VPN,
